"Message",Low,"Opbouwen gestart."
"Message",Low,"Project Unnamed_1 (standaarddoelen):"
"Message",Low,"Er wordt gebouwd met hulpprogrammaversie 4.0."
"Message",Low,"Doel PrintILCStartMessage in bestand C:\Program Files (x86)\MSBuild\Microsoft\.NetNative\ARM\ilc\IlcInternals.targets uit project C:\Users\user\Documents\GitHub\RoombaRaspberry\RaspberryPi\RaspberryPi\Unnamed_1 (doel Build is hiervan afhankelijk):"
"Message",Low,"De taak IlcMessageTask uit assembly C:\Program Files (x86)\MSBuild\Microsoft\.NetNative\ARM\ilc\ilc.exe wordt gebruikt."
"Message",Low,"Taak IlcMessageTask"
"Message",High,"Starting .NET Native compilation"
"Message",Low,"Uitvoeren van taak IlcMessageTask voltooid."
"Message",Low,"Opbouwen van doel PrintILCStartMessage in project Unnamed_1 voltooid."
"Message",Low,"Doel LogAppContextSwitches in bestand C:\Program Files (x86)\MSBuild\Microsoft\.NetNative\ARM\ilc\IlcInternals.targets uit project C:\Users\user\Documents\GitHub\RoombaRaspberry\RaspberryPi\RaspberryPi\Unnamed_1 (doel SetMainTargetPaths is hiervan afhankelijk):"
"Message",Low,"De taak Message uit assembly Microsoft.Build.Tasks.v4.0, Version=4.0.0.0, Culture=neutral, PublicKeyToken=b03f5f7f11d50a3a wordt gebruikt."
"Message",Low,"Taak Message"
"Message",Normal,"AppContextSwitch: ''"
"Message",Low,"Uitvoeren van taak Message voltooid."
"Message",Low,"Opbouwen van doel LogAppContextSwitches in project Unnamed_1 voltooid."
"Message",Low,"Doel SetMainTargetPaths in bestand C:\Program Files (x86)\MSBuild\Microsoft\.NetNative\ARM\ilc\IlcInternals.targets uit project C:\Users\user\Documents\GitHub\RoombaRaspberry\RaspberryPi\RaspberryPi\Unnamed_1 (doel CopyNativeExecutablesToOutput is hiervan afhankelijk):"
"Message",Low,"Opbouwen van doel SetMainTargetPaths in project Unnamed_1 voltooid."
"Message",Low,"Doel GenerateFakeExe overgeslagen vanwege onjuiste voorwaarde; (!Exists('@(InputILTarget)')) heeft (!Exists('C:\Users\user\Documents\GitHub\RoombaRaspberry\RaspberryPi\RaspberryPi\obj\ARM\Release\ilc\in\RaspberryPi.exe')) opgeleverd."
"Message",Low,"Doel InjectCoreLibTypeForwards in bestand C:\Program Files (x86)\MSBuild\Microsoft\.NetNative\ARM\ilc\IlcInternals.targets uit project C:\Users\user\Documents\GitHub\RoombaRaspberry\RaspberryPi\RaspberryPi\Unnamed_1 (doel RunILTransforms is hiervan afhankelijk):"
"Message",Low,"De taak MakeDir uit assembly Microsoft.Build.Tasks.v4.0, Version=4.0.0.0, Culture=neutral, PublicKeyToken=b03f5f7f11d50a3a wordt gebruikt."
"Message",Low,"Taak MakeDir"
"Message",Normal,"De map C:\Users\user\Documents\GitHub\RoombaRaspberry\RaspberryPi\RaspberryPi\obj\ARM\Release\ilc\intermediate\TransformedCoreLib\ wordt gemaakt."
"Message",Low,"Uitvoeren van taak MakeDir voltooid."
"Message",Low,"De taak ILTransformTask uit assembly Microsoft.Build.ILTasks wordt gebruikt."
"Message",Low,"Taak ILTransformTask"
"Message",Normal,"Running 'InjectCoreLibTypeForwards' transform, heap at 14 mb."
"Message",Normal,"Running 'InjectCoreLibIReflectableTypeSupport' transform, heap at 33 mb."
"Message",Normal,""
"Message",Normal,"Transform summary"
"Message",Normal,"   ms | heap delta | name"
"Message",Normal,"   255 |         19 | InjectCoreLibTypeForwards"
"Message",Normal,"     0 |          0 | InjectCoreLibIReflectableTypeSupport"
"Message",Normal,"Writing transformed assembly took 393 ms, heap at 36 mb."
"Message",Low,"Uitvoeren van taak ILTransformTask voltooid."
"Message",Low,"Opbouwen van doel InjectCoreLibTypeForwards in project Unnamed_1 voltooid."
"Message",Low,"Doel InjectCoreLibTypeForwards overgeslagen. Vorige opbouw geslaagd."
"Message",Low,"Doel PreResolveTransforms in bestand C:\Program Files (x86)\MSBuild\Microsoft\.NetNative\ARM\ilc\IlcInternals.targets uit project C:\Users\user\Documents\GitHub\RoombaRaspberry\RaspberryPi\RaspberryPi\Unnamed_1 (doel RunILTransforms is hiervan afhankelijk):"
"Message",Low,"Doel PreResolveTransforms wordt volledig opgebouwd."
"Message",Low,"Uitvoerbestand C:\Users\user\Documents\GitHub\RoombaRaspberry\RaspberryPi\RaspberryPi\obj\ARM\Release\ilc\intermediate\PreMergeILTransformed\RaspberryPi.exe bestaat niet."
"Message",Low,"Taak MakeDir"
"Message",Normal,"De map C:\Users\user\Documents\GitHub\RoombaRaspberry\RaspberryPi\RaspberryPi\obj\ARM\Release\ilc\intermediate\PreMergeILTransformed\ wordt gemaakt."
"Message",Low,"Uitvoeren van taak MakeDir voltooid."
"Message",Low,"De taak AssemblyClosureTask uit assembly Microsoft.Build.ILTasks wordt gebruikt."
"Message",Low,"Taak AssemblyClosureTask"
"Message",Low,"Uitvoeren van taak AssemblyClosureTask voltooid."
"Message",Low,"Taak ILTransformTask"
"Message",Normal,"Running 'ResolveSelfReferences' transform, heap at 34 mb."
"Message",Normal,"Could not find symbols for assembly 'C:\Users\user\Documents\GitHub\RoombaRaspberry\RaspberryPi\RaspberryPi\obj\ARM\Release\ilc\in\Microsoft.ApplicationInsights.dll'. Symbols should be placed in the same folder as the assembly."
"Message",Normal,"Could not find symbols for assembly 'C:\Users\user\Documents\GitHub\RoombaRaspberry\RaspberryPi\RaspberryPi\obj\ARM\Release\ilc\in\Microsoft.ApplicationInsights.Extensibility.Windows.dll'. Symbols should be placed in the same folder as the assembly."
"Message",Normal,"Could not find symbols for assembly 'C:\Users\user\Documents\GitHub\RoombaRaspberry\RaspberryPi\RaspberryPi\obj\ARM\Release\ilc\in\Microsoft.ApplicationInsights.PersistenceChannel.dll'. Symbols should be placed in the same folder as the assembly."
"Message",Normal,"Running 'RemoveDuplicateMembers' transform, heap at 49 mb."
"Message",Normal,"Running 'GenericNameValidator' transform, heap at 49 mb."
"Message",Normal,"Running 'PortableLib' transform, heap at 49 mb."
"Message",Normal,""
"Message",Normal,"Transform summary"
"Message",Normal,"   ms | heap delta | name"
"Message",Normal,"   107 |         15 | ResolveSelfReferences"
"Message",Normal,"     0 |          0 | PortableLib"
"Message",Normal,"     0 |          0 | GenericNameValidator"
"Message",Normal,"     0 |          0 | RemoveDuplicateMembers"
"Message",Normal,"Writing transformed assembly took 0 ms, heap at 49 mb."
"Message",Low,"Uitvoeren van taak ILTransformTask voltooid."
"Message",Low,"De taak Copy uit assembly Microsoft.Build.Tasks.v4.0, Version=4.0.0.0, Culture=neutral, PublicKeyToken=b03f5f7f11d50a3a wordt gebruikt."
"Message",Low,"Taak Copy"
"Message",Normal,"Bestand wordt gekopieerd van C:\Users\user\Documents\GitHub\RoombaRaspberry\RaspberryPi\RaspberryPi\obj\ARM\Release\ilc\in\RaspberryPi.pdb naar C:\Users\user\Documents\GitHub\RoombaRaspberry\RaspberryPi\RaspberryPi\obj\ARM\Release\ilc\intermediate\PreMergeILTransformed\RaspberryPi.pdb."
"Message",Low,"Uitvoeren van taak Copy voltooid."
"Message",Low,"Taak Copy"
"Message",Normal,"Bestand wordt gekopieerd van C:\Users\user\Documents\GitHub\RoombaRaspberry\RaspberryPi\RaspberryPi\obj\ARM\Release\ilc\in\RaspberryPi.exe naar C:\Users\user\Documents\GitHub\RoombaRaspberry\RaspberryPi\RaspberryPi\obj\ARM\Release\ilc\intermediate\PreMergeILTransformed\RaspberryPi.exe."
"Message",Low,"Uitvoeren van taak Copy voltooid."
"Message",Low,"Opbouwen van doel PreResolveTransforms in project Unnamed_1 voltooid."
"Message",Low,"Doel InitInputResourceName in bestand C:\Program Files (x86)\MSBuild\Microsoft\.NetNative\ARM\ilc\IlcInternals.targets uit project C:\Users\user\Documents\GitHub\RoombaRaspberry\RaspberryPi\RaspberryPi\Unnamed_1 (doel RunILTransforms is hiervan afhankelijk):"
"Message",Low,"Taak ResolveFilePathTask overgeslagen vanwege onjuiste voorwaarde; ('$(InputPath)' != '' and Exists('$(InputPath)\obj\')) heeft ('C:\Users\user\Documents\GitHub\RoombaRaspberry\RaspberryPi\RaspberryPi\obj\ARM\Release\ilc\in' != '' and Exists('C:\Users\user\Documents\GitHub\RoombaRaspberry\RaspberryPi\RaspberryPi\obj\ARM\Release\ilc\in\obj\')) opgeleverd."
"Message",Low,"De taak ResolveFilePathTask uit assembly Microsoft.Build.ILTasks wordt gebruikt."
"Message",Low,"Taak ResolveFilePathTask"
"Message",Low,"Uitvoeren van taak ResolveFilePathTask voltooid."
"Message",Low,"Opbouwen van doel InitInputResourceName in project Unnamed_1 voltooid."
"Message",Low,"Doel PreResolveTransforms overgeslagen. Vorige opbouw geslaagd."
"Message",Low,"Doel ResolveInitialReferences in bestand C:\Program Files (x86)\MSBuild\Microsoft\.NetNative\ARM\ilc\IlcInternals.targets uit project C:\Users\user\Documents\GitHub\RoombaRaspberry\RaspberryPi\RaspberryPi\Unnamed_1 (doel RunILTransforms is hiervan afhankelijk):"
"Message",Low,"Taak ResolveFilePathTask"
"Message",Low,"Uitvoeren van taak ResolveFilePathTask voltooid."
"Message",Low,"Taak ResolveFilePathTask"
"Message",Low,"Uitvoeren van taak ResolveFilePathTask voltooid."
"Message",Low,"Taak IlcErrorTask overgeslagen vanwege onjuiste voorwaarde; ('@(UnresolvedManagedDllFilesErrorParameters)'!='') heeft (''!='') opgeleverd."
"Message",Low,"Taak AssemblyClosureTask"
"Message",Low,"Uitvoeren van taak AssemblyClosureTask voltooid."
"Message",Low,"Taak AssemblyClosureTask"
"Message",Low,"Uitvoeren van taak AssemblyClosureTask voltooid."
"Message",Low,"De taak RemoveDuplicates uit assembly Microsoft.Build.Tasks.v4.0, Version=4.0.0.0, Culture=neutral, PublicKeyToken=b03f5f7f11d50a3a wordt gebruikt."
"Message",Low,"Taak RemoveDuplicates"
"Message",Low,"Uitvoeren van taak RemoveDuplicates voltooid."
"Message",Low,"Opbouwen van doel ResolveInitialReferences in project Unnamed_1 voltooid."
"Message",Low,"Doel RunILTransforms in bestand C:\Program Files (x86)\MSBuild\Microsoft\.NetNative\ARM\ilc\IlcInternals.targets uit project C:\Users\user\Documents\GitHub\RoombaRaspberry\RaspberryPi\RaspberryPi\Unnamed_1 (doel GenerateMDILResponseFileSingleFile is hiervan afhankelijk):"
"Message",Low,"Doel RunILTransforms wordt volledig opgebouwd."
"Message",Low,"Uitvoerbestand C:\Users\user\Documents\GitHub\RoombaRaspberry\RaspberryPi\RaspberryPi\obj\ARM\Release\ilc\intermediate\ILTransformed\RaspberryPi.ilexe bestaat niet."
"Message",Low,"Taak IlcMessageTask"
"Message",High,"Processing application code"
"Message",Low,"Uitvoeren van taak IlcMessageTask voltooid."
"Message",Low,"De taak ValidateSimpleNamesTask uit assembly C:\Program Files (x86)\MSBuild\Microsoft\.NetNative\ARM\ilc\ilc.exe wordt gebruikt."
"Message",Low,"Taak ValidateSimpleNamesTask"
"Message",Low,"Uitvoeren van taak ValidateSimpleNamesTask voltooid."
"Message",Low,"Taak MakeDir"
"Message",Normal,"De map C:\Users\user\Documents\GitHub\RoombaRaspberry\RaspberryPi\RaspberryPi\obj\ARM\Release\ilc\intermediate\ILTransformed\ wordt gemaakt."
"Message",Low,"Uitvoeren van taak MakeDir voltooid."
"Message",Low,"Taak IlcErrorTask overgeslagen vanwege onjuiste voorwaarde; ('$(PlatformTarget)'=='') heeft ('arm'=='') opgeleverd."
"Message",Low,"Taak IlcErrorTask overgeslagen vanwege onjuiste voorwaarde; ('$(BuildSharedAssemblies)' == 'true' and '$(UseSharedAssemblies)' == 'true') heeft ('false' == 'true' and 'false' == 'true') opgeleverd."
"Message",Low,"Taak ResolveFilePathTask"
"Message",Low,"Uitvoeren van taak ResolveFilePathTask voltooid."
"Message",Low,"Taak IlcErrorTask overgeslagen vanwege onjuiste voorwaarde; ('@(UnresolvedMcgSourceContractsReferencesErrorParameters)'!='') heeft (''!='') opgeleverd."
"Message",Low,"Taak ResolveFilePathTask"
"Message",Low,"Uitvoeren van taak ResolveFilePathTask voltooid."
"Message",Low,"Taak IlcErrorTask overgeslagen vanwege onjuiste voorwaarde; ('@(UnresolvedMcgSourceFacadeErrorParameters)'!='') heeft (''!='') opgeleverd."
"Message",Low,"Taak ResolveFilePathTask"
"Message",Low,"Uitvoeren van taak ResolveFilePathTask voltooid."
"Message",Low,"Taak ResolveFilePathTask"
"Message",Low,"Uitvoeren van taak ResolveFilePathTask voltooid."
"Message",Low,"Taak IlcErrorTask overgeslagen vanwege onjuiste voorwaarde; ('@(UnresolvedManagedDllFilesErrorParameters)'!='') heeft (''!='') opgeleverd."
"Message",Low,"Taak AssemblyClosureTask"
"Message",Low,"Uitvoeren van taak AssemblyClosureTask voltooid."
"Message",Low,"Taak ResolveFilePathTask"
"Message",Low,"Uitvoeren van taak ResolveFilePathTask voltooid."
"Message",Low,"Taak IlcErrorTask overgeslagen vanwege onjuiste voorwaarde; ('@(UnresolvedCoreAssemblyErrorParameters)'!='') heeft (''!='') opgeleverd."
"Message",Low,"Taak RemoveDuplicates"
"Message",Low,"Uitvoeren van taak RemoveDuplicates voltooid."
"Message",Low,"Taak AddToNativePackageTask overgeslagen vanwege onjuiste voorwaarde; ('@(NeedsClrCompression)' != '') heeft ('' != '') opgeleverd."
"Message",Low,"Taak MakeDir"
"Message",Normal,"De map C:\Users\user\Documents\GitHub\RoombaRaspberry\RaspberryPi\RaspberryPi\obj\ARM\Release\ilc\intermediate\SgGenerated wordt gemaakt."
"Message",Low,"Uitvoeren van taak MakeDir voltooid."
"Message",Low,"De taak WriteLinesToFile uit assembly Microsoft.Build.Tasks.v4.0, Version=4.0.0.0, Culture=neutral, PublicKeyToken=b03f5f7f11d50a3a wordt gebruikt."
"Message",Low,"Taak WriteLinesToFile"
"Message",Low,"Uitvoeren van taak WriteLinesToFile voltooid."
"Message",Low,"Taak ReadLinesFromFile overgeslagen vanwege onjuiste voorwaarde; ('$(UseSharedAssemblies)' == 'true') heeft ('false' == 'true') opgeleverd."
"Message",Low,"Taak MakeDir"
"Message",Normal,"De map C:\Users\user\Documents\GitHub\RoombaRaspberry\RaspberryPi\RaspberryPi\obj\ARM\Release\ilc\intermediate\ResW\ wordt gemaakt."
"Message",Low,"Uitvoeren van taak MakeDir voltooid."
"Message",Low,"Taak IlcWarningTask overgeslagen vanwege onjuiste voorwaarde; ('$(BuildSharedAssemblies)' != 'true' and '@(ReducerInputFiles)' == '') heeft ('false' != 'true' and 'C:\Users\user\Documents\GitHub\RoombaRaspberry\RaspberryPi\RaspberryPi\obj\ARM\Release\ilc\in\Properties\Default.rd.xml' == '') opgeleverd."
"Message",Low,"Taak ILTransformTask"
"Message",Normal,"Running 'Mcg' transform, heap at 14 mb."
"Message",High,"Computing application closure and generating interop code"
"Message",Normal,"  List of .lib files:"
"Message",Normal,"      mincore.lib"
"Message",Normal,"  List of .lib search paths:"
"Message",Normal,"      C:\Program Files (x86)\Windows Kits\10\lib\10.0.10240.0\um\arm"
"Message",Normal,"  Loading exports from libs..."
"Message",Normal,"      4184 exports read from 'C:\Program Files (x86)\Windows Kits\10\lib\10.0.10240.0\um\arm\mincore.lib'."
"Message",Normal,"  Loading 79 modules..."
"Message",Normal,"  Discovering types..."
"Message",Normal,"      Imported reflection directives from 12 files:"
"Message",Normal,"          C:\Users\user\Documents\GitHub\RoombaRaspberry\RaspberryPi\RaspberryPi\obj\ARM\Release\ilc\in\Properties\Default.rd.xml"
"Message",Normal,"          Embedded manifest in System.Diagnostics.Tracing: Resources.System.Diagnostics.Tracing.rd.xml"
"Message",Normal,"          Embedded manifest in System.Private.CoreLib: Resources.System.Private.CoreLib.rd.xml"
"Message",Normal,"          Embedded manifest in System.Private.Uri: Resources.System.Private.Uri.rd.xml"
"Message",Normal,"          Embedded manifest in System.Private.Reflection: Resources.System.Private.Reflection.rd.xml"
"Message",Normal,"          Embedded manifest in System.Private.Reflection.Core: Resources.System.Private.Reflection.Core.rd.xml"
"Message",Normal,"          Embedded manifest in System.Private.Interop: Resources.System.Private.Interop.rd.xml"
"Message",Normal,"          Embedded manifest in System.Xml.XmlSerializer: System.Xml.XmlSerializer.Resources.System.Xml.XmlSerializer.rd.xml"
"Message",Normal,"          Embedded manifest in System.Xml.ReaderWriter: System.Xml.Resources.System.Xml.ReaderWriter.rd.xml"
"Message",Normal,"          Embedded manifest in System.Private.DataContractSerialization: System.Private.DataContractSerialization.Resources.System.Private.DataContractSerialization.rd.xml"
"Message",Normal,"          Embedded manifest in System.Runtime.Serialization.Primitives: System.Runtime.Serialization.Primitives.Resources.System.Runtime.Serialization.Primitives.rd.xml"
"Message",Normal,"          Microsoft.ApplicationInsights"
"Message",Normal,"      Imported XAML Roots from 1 files:"
"Message",Normal,"          C:\Users\user\Documents\GitHub\RoombaRaspberry\RaspberryPi\RaspberryPi\obj\ARM\Release\ilc\in\RaspberryPi.xr.xml"
"Message",Normal,"  2164 type(s) discovered in 6247,00 ms. "
"Message",Normal,"  Importing types into IR..."
"Message",Normal,"      WinRT roots      : 1249"
"Message",Normal,"      CCW roots        : 908"
"Message",Normal,"      COM roots        : 7"
"Message",Normal,"      PInvoke methods  : 44"
"Message",Normal,"      PInvoke delegates: 1"
"Message",Normal,"      PInvoke structs  : 18"
"Message",Normal,"  3201 types imported in 136,00 ms. "
"Message",Normal,"  Generating code..."
"Message",Normal,"      Resolving P/invokes..."
"Message",Normal,"          P/invoke 'RhWaitForPendingFinalizers' could not be resolved and defaulting to [MRT]!RhWaitForPendingFinalizers"
"Message",Normal,"          P/invoke 'RhCompatibleReentrantWaitAny' could not be resolved and defaulting to [MRT]!RhCompatibleReentrantWaitAny"
"Message",Normal,"          P/invoke '_ecvt_s' could not be resolved and defaulting to [MRT]!_ecvt_s"
"Message",Normal,"          P/invoke 'memmove' could not be resolved and defaulting to [MRT]!memmove"
"Message",Normal,"          P/invoke 'GetLastError' resolved to api-ms-win-core-errorhandling-l1-1-1.dll!GetLastError"
"Message",Normal,"          P/invoke 'SetLastError' resolved to api-ms-win-core-errorhandling-l1-1-1.dll!SetLastError"
"Message",Normal,"          P/invoke 'GetLastError' resolved to api-ms-win-core-errorhandling-l1-1-1.dll!GetLastError"
"Message",Normal,"          P/invoke 'NormalizeString' could not be resolved and defaulting to api-ms-win-core-normalization-l1-1-0.dll!NormalizeString"
"Message",Normal,"          P/invoke 'RoInitialize' resolved to api-ms-win-core-winrt-l1-1-0.dll!RoInitialize"
"Message",Normal,"          P/invoke 'IsValidLocaleName' resolved to api-ms-win-core-localization-l1-2-1.dll!IsValidLocaleName"
"Message",Normal,"          P/invoke 'ResolveLocaleName' resolved to api-ms-win-core-localization-l1-2-1.dll!ResolveLocaleName"
"Message",Normal,"          P/invoke 'FormatMessage' resolved to api-ms-win-core-localization-l1-2-1.dll!FormatMessageA"
"Message",Normal,"          P/invoke 'GetCPInfoExW' resolved to api-ms-win-core-localization-l1-2-1.dll!GetCPInfoExW"
"Message",Normal,"          P/invoke 'IdnToAscii' resolved to api-ms-win-core-localization-l1-2-1.dll!IdnToAscii"
"Message",Normal,"          P/invoke 'IdnToUnicode' resolved to api-ms-win-core-localization-l1-2-1.dll!IdnToUnicode"
"Message",Normal,"          P/invoke 'FindNLSStringEx' resolved to api-ms-win-core-localization-l1-2-1.dll!FindNLSStringEx"
"Message",Normal,"          P/invoke 'FormatMessageW' resolved to api-ms-win-core-localization-l1-2-1.dll!FormatMessageW"
"Message",Normal,"          P/invoke 'GetCommandLineW' resolved to api-ms-win-core-processenvironment-l1-2-0.dll!GetCommandLineW"
"Message",Normal,"          P/invoke 'GetCurrentThreadId' resolved to api-ms-win-core-processthreads-l1-1-2.dll!GetCurrentThreadId"
"Message",Normal,"          P/invoke 'GetCurrentProcessId' resolved to api-ms-win-core-processthreads-l1-1-2.dll!GetCurrentProcessId"
"Message",Normal,"          P/invoke 'EventWriteTransfer' resolved to api-ms-win-eventing-provider-l1-1-0.dll!EventWriteTransfer"
"Message",Normal,"          P/invoke 'EventSetInformation' resolved to api-ms-win-eventing-provider-l1-1-0.dll!EventSetInformation"
"Message",Normal,"          P/invoke 'EventRegister' resolved to api-ms-win-eventing-provider-l1-1-0.dll!EventRegister"
"Message",Normal,"          P/invoke 'EventUnregister' resolved to api-ms-win-eventing-provider-l1-1-0.dll!EventUnregister"
"Message",Normal,"          P/invoke 'RaiseFailFastException' resolved to api-ms-win-core-errorhandling-l1-1-3.dll!RaiseFailFastException"
"Message",Normal,"          P/invoke 'QueryPerformanceFrequency' resolved to api-ms-win-core-profile-l1-1-0.dll!QueryPerformanceFrequency"
"Message",Normal,"          P/invoke 'QueryPerformanceCounter' resolved to api-ms-win-core-profile-l1-1-0.dll!QueryPerformanceCounter"
"Message",Normal,"          P/invoke 'deflateEnd' could not be resolved and defaulting to clrcompression.dll!deflateEnd"
"Message",Normal,"          P/invoke 'inflateEnd' could not be resolved and defaulting to clrcompression.dll!inflateEnd"
"Message",Normal,"          P/invoke 'deflateInit2_' could not be resolved and defaulting to clrcompression.dll!deflateInit2_"
"Message",Normal,"          P/invoke 'deflate' could not be resolved and defaulting to clrcompression.dll!deflate"
"Message",Normal,"          P/invoke 'GetNativeSystemInfo' resolved to api-ms-win-core-sysinfo-l1-2-1.dll!GetNativeSystemInfo"
"Message",Normal,"          P/invoke 'VirtualQuery' resolved to api-ms-win-core-memory-l1-1-2.dll!VirtualQuery"
"Message",Normal,"          P/invoke 'CompareStringEx' resolved to api-ms-win-core-string-l1-1-0.dll!CompareStringEx"
"Message",Normal,"          P/invoke 'CompareStringOrdinal' resolved to api-ms-win-core-string-l1-1-0.dll!CompareStringOrdinal"
"Message",Normal,"          P/invoke 'FindStringOrdinal' resolved to api-ms-win-core-libraryloader-l1-2-0.dll!FindStringOrdinal"
"Message",Normal,"          P/invoke 'CoCreateInstance' resolved to api-ms-win-core-com-l1-1-1.dll!CoCreateInstance"
"Message",Normal,"          P/invoke 'QueryUnbiasedInterruptTime' resolved to api-ms-win-core-realtime-l1-1-0.dll!QueryUnbiasedInterruptTime"
"Message",Normal,"          P/invoke 'SysFreeString' resolved to oleaut32.dll!#6"
"Message",Normal,"          P/invoke 'GetLongPathNameW' resolved to api-ms-win-core-file-l1-2-1.dll!GetLongPathNameW"
"Message",Normal,"          P/invoke 'GetLongPathNameW' resolved to api-ms-win-core-file-l1-2-1.dll!GetLongPathNameW"
"Message",Normal,"          P/invoke 'GetFullPathNameW' resolved to api-ms-win-core-file-l1-2-1.dll!GetFullPathNameW"
"Message",Normal,"          P/invoke 'GetFullPathNameW' resolved to api-ms-win-core-file-l1-2-1.dll!GetFullPathNameW"
"Message",Normal,"          P/invoke 'RoGetBufferMarshaler' could not be resolved and defaulting to api-ms-win-core-winrt-robuffer-l1-1-0.dll!RoGetBufferMarshaler"
"Message",Normal,"  Interop code generated in 300,00 ms."
"Message",Normal,"  Written code to RaspberryPi.Interop.g.cs in 1534,66 ms"
"Message",Normal,"  Written code to RaspberryPi.ITFProxy.g.cs in 0,25 ms"
"Message",Normal,"Running 'CompileMcgSource' transform, heap at 192 mb."
"Message",High,"Compiling interop code"
"Message",Low,"Compiling MCG output with arguments:  /debug:""pdbonly"" /nowarn:""0436;0618;1668;1685"" /debug+ /nostdlib+ /optimize+ /out:""C:\Users\user\Documents\GitHub\RoombaRaspberry\RaspberryPi\RaspberryPi\obj\ARM\Release\ilc\intermediate\RaspberryPi.Interop.dll"" /pdb:""C:\Users\user\Documents\GitHub\RoombaRaspberry\RaspberryPi\RaspberryPi\obj\ARM\Release\ilc\intermediate\RaspberryPi.Interop.pdb"" /platform:""arm"" /warnaserror+ /unsafe /noconfig /nologo /target:library /define:""WIN32"" /define:""ARM"" /define:""MCG_PRE_BUILD"" /r:""C:\Program Files (x86)\MSBuild\Microsoft\.NetNative\ARM\ilc\lib\Private\System.Private.Corelib.dll"" /r:""C:\Program Files (x86)\MSBuild\Microsoft\.NetNative\ARM\ilc\lib\Private\System.Private.Corelib.InteropServices.dll"" /r:""C:\Program Files (x86)\MSBuild\Microsoft\.NetNative\ARM\ilc\lib\Private\System.Private.Interop.dll"" /r:""C:\Users\user\Documents\GitHub\RoombaRaspberry\RaspberryPi\RaspberryPi\obj\ARM\Release\ilc\in\System.Private.Uri.dll"" /r:""C:\Program Files (x86)\MSBuild\Microsoft\.NetNative\ARM\ilc\lib\Private\System.Private.CompilerServices.ICastable.dll"" /r:""C:\Program Files (x86)\MSBuild\Microsoft\.NetNative\ARM\ilc\lib\Private\System.Private.Reflection.dll"" /r:""C:\Program Files (x86)\MSBuild\Microsoft\.NetNative\ARM\ilc\lib\Private\System.Private.DispatchProxy.dll"" /r:""C:\Users\user\Documents\GitHub\RoombaRaspberry\RaspberryPi\RaspberryPi\obj\ARM\Release\ilc\in\System.Reflection.DispatchProxy.dll"" /r:""C:\Users\user\Documents\GitHub\RoombaRaspberry\RaspberryPi\RaspberryPi\obj\ARM\Release\ilc\in\System.Reflection.dll"" /r:""C:\Users\user\Documents\GitHub\RoombaRaspberry\RaspberryPi\RaspberryPi\obj\ARM\Release\ilc\in\System.Runtime.dll"" /r:""C:\Users\user\Documents\GitHub\RoombaRaspberry\RaspberryPi\RaspberryPi\obj\ARM\Release\ilc\in\System.Runtime.Extensions.dll"" /r:""C:\Users\user\Documents\GitHub\RoombaRaspberry\RaspberryPi\RaspberryPi\obj\ARM\Release\ilc\in\System.Runtime.InteropServices.dll"" /r:""C:\Users\user\Documents\GitHub\RoombaRaspberry\RaspberryPi\RaspberryPi\obj\ARM\Release\ilc\in\System.Runtime.InteropServices.WindowsRuntime.dll"" /r:""C:\Users\user\Documents\GitHub\RoombaRaspberry\RaspberryPi\RaspberryPi\obj\ARM\Release\ilc\in\System.Collections.dll"" /r:""C:\Users\user\Documents\GitHub\RoombaRaspberry\RaspberryPi\RaspberryPi\obj\ARM\Release\ilc\in\System.ObjectModel.dll"" /r:""C:\Users\user\Documents\GitHub\RoombaRaspberry\RaspberryPi\RaspberryPi\obj\ARM\Release\ilc\in\System.Runtime.WindowsRuntime.dll"" /r:""C:\Users\user\Documents\GitHub\RoombaRaspberry\RaspberryPi\RaspberryPi\obj\ARM\Release\ilc\in\System.Runtime.WindowsRuntime.UI.Xaml.dll"" /r:""C:\Users\user\Documents\GitHub\RoombaRaspberry\RaspberryPi\RaspberryPi\obj\ARM\Release\ilc\in\System.Numerics.Vectors.dll"" /r:""C:\Users\user\Documents\GitHub\RoombaRaspberry\RaspberryPi\RaspberryPi\obj\ARM\Release\ilc\in\System.Threading.dll"" /r:""C:\Users\user\Documents\GitHub\RoombaRaspberry\RaspberryPi\RaspberryPi\obj\ARM\Release\ilc\in\System.Diagnostics.Debug.dll"" /r:""C:\Users\user\Documents\GitHub\RoombaRaspberry\RaspberryPi\RaspberryPi\obj\ARM\Release\ilc\in\System.Runtime.Handles.dll"" /r:""C:\Users\user\Documents\GitHub\RoombaRaspberry\RaspberryPi\RaspberryPi\obj\ARM\Release\ilc\in\System.Dynamic.Runtime.dll"" ""C:\Users\user\Documents\GitHub\RoombaRaspberry\RaspberryPi\RaspberryPi\obj\ARM\Release\ilc\intermediate\RaspberryPi.Interop.g.cs"" ""C:\Users\user\Documents\GitHub\RoombaRaspberry\RaspberryPi\RaspberryPi\obj\ARM\Release\ilc\intermediate\RaspberryPi.ITFProxy.g.cs"""
"Message",Normal,"Running 'SerializationAssemblyGenerator' transform, heap at 193 mb."
"Message",High,"Generating serialization code"
"Message",Normal,"The type 'System.Net.Security.ProtectionLevel' is found in more than one assembly."
"Message",Normal,"file:///C:/Users/user/Documents/GitHub/RoombaRaspberry/RaspberryPi/RaspberryPi/obj/ARM/Release/ilc/in/System.Private.Networking.dll"
"Message",Normal,"file:///C:/Users/user/Documents/GitHub/RoombaRaspberry/RaspberryPi/RaspberryPi/obj/ARM/Release/ilc/in/System.Private.ServiceModel.dll"
"Message",Normal,"The assembly 'RaspberryPi.exe' is found in more than one folder."
"Message",Normal,"file:///C:/Users/user/Documents/GitHub/RoombaRaspberry/RaspberryPi/RaspberryPi/obj/ARM/Release/ilc/intermediate/PreMergeILTransformed/RaspberryPi.exe"
"Message",Normal,"C:\Users\user\Documents\GitHub\RoombaRaspberry\RaspberryPi\RaspberryPi\obj\ARM\Release\ilc\in\RaspberryPi.exe"
"Message",Normal,"The type 'System.DBNull' is found in more than one assembly."
"Message",Normal,"file:///C:/Users/user/Documents/GitHub/RoombaRaspberry/RaspberryPi/RaspberryPi/obj/ARM/Release/ilc/in/System.Data.Common.dll"
"Message",Normal,"file:///C:/Program Files (x86)/MSBuild/Microsoft/.NetNative/ARM/ilc/lib/Private/System.Private.Reflection.Core.dll"
"Message",Normal,"Running 'DumpNativeResources' transform, heap at 193 mb."
"Message",Normal,"Running 'ReducedCopy' transform, heap at 193 mb."
"Message",Normal,"Running 'DeveloperExperienceModeOnlyCodeRemover' transform, heap at 262 mb."
"Message",Normal,"Running 'ComImportDetector' transform, heap at 263 mb."
"Message",Normal,"Running 'McgAccessor' transform, heap at 263 mb."
"Message",Normal,"Running 'McgRedirect' transform, heap at 265 mb."
"Message",Normal,"Running 'McgRedirect' transform, heap at 268 mb."
"Message",Normal,"Running 'McgTypeOf' transform, heap at 269 mb."
"Message",Normal,"Running 'ExceptionMiniaturizer' transform, heap at 253 mb."
"Message",Normal,"Running 'EventSource' transform, heap at 241 mb."
"Message",Normal,"Running 'ValueType' transform, heap at 242 mb."
"Message",Normal,"Running 'Attribute' transform, heap at 243 mb."
"Message",Normal,"Running 'GetType' transform, heap at 245 mb."
"Message",Normal,"Running 'McgFixups' transform, heap at 246 mb."
"Message",Normal,"Running 'ResourceManagerCtor' transform, heap at 248 mb."
"Message",Normal,"Running 'TypeofTypeHandle' transform, heap at 248 mb."
"Message",Normal,"Running 'DispatchProxyIntrinsics' transform, heap at 256 mb."
"Message",Normal,"Running 'StaticInitData' transform, heap at 256 mb."
"Message",Normal,"Running 'StartupCodeInjector' transform, heap at 282 mb."
"Message",Normal,"Running 'InjectAppContextSwitches' transform, heap at 283 mb."
"Message",Normal,"Running 'Delegate' transform, heap at 283 mb."
"Message",Normal,"Running 'DelegateCtorCall' transform, heap at 301 mb."
"Message",Normal,"Running 'LazyGenerics' transform, heap at 303 mb."
"Message",Normal,"Running 'AddReflectionBlockedAttributes' transform, heap at 265 mb."
"Message",Normal,"Running 'DisableOptimization' transform, heap at 265 mb."
"Message",Normal,"Running 'CreateMetadata' transform, heap at 265 mb."
"Message",Normal,"Running 'SynchronizedMethod' transform, heap at 296 mb."
"Message",Normal,"Running 'ReflectionInvoke' transform, heap at 296 mb."
"Message",Normal,"Running 'ScrubOpenCalls' transform, heap at 298 mb."
"Message",Normal,"Running 'Calli' transform, heap at 298 mb."
"Message",Normal,"Running 'ConvertCatchIntoFilter' transform, heap at 311 mb."
"Message",Normal,"Running 'ReflectionMappingInfoEmit' transform, heap at 311 mb."
"Message",Normal,"Running 'ConvertManagedWinMD' transform, heap at 313 mb."
"Message",Normal,"Running 'Reducer' transform, heap at 313 mb."
"Message",High,"Cleaning up unreferenced code"
"Message",Normal,""
"Message",Normal,"Transform summary"
"Message",Normal,"   ms | heap delta | name"
"Message",Normal,"  8404 |        178 | Mcg"
"Message",Normal,"  2928 |          1 | CompileMcgSource"
"Message",Normal,"  2431 |         69 | ReducedCopy"
"Message",Normal,"  1948 |         22 | Reducer"
"Message",Normal,"   747 |          0 | SerializationAssemblyGenerator"
"Message",Normal,"   389 |        -16 | McgTypeOf"
"Message",Normal,"   325 |        -38 | LazyGenerics"
"Message",Normal,"   220 |         31 | CreateMetadata"
"Message",Normal,"   204 |        -12 | ExceptionMiniaturizer"
"Message",Normal,"   169 |         26 | StaticInitData"
"Message",Normal,"   129 |          3 | McgRedirect"
"Message",Normal,"   116 |          8 | TypeofTypeHandle"
"Message",Normal,"   109 |         13 | Calli"
"Message",Normal,"   102 |          1 | McgRedirect"
"Message",Normal,"    91 |          2 | ReflectionInvoke"
"Message",Normal,"    65 |         18 | Delegate"
"Message",Normal,"    59 |          2 | DelegateCtorCall"
"Message",Normal,"    30 |          2 | McgFixups"
"Message",Normal,"    27 |          0 | SynchronizedMethod"
"Message",Normal,"    22 |          1 | GetType"
"Message",Normal,"    21 |          2 | McgAccessor"
"Message",Normal,"    15 |          0 | DispatchProxyIntrinsics"
"Message",Normal,"    15 |          0 | ScrubOpenCalls"
"Message",Normal,"    14 |          1 | EventSource"
"Message",Normal,"     9 |          0 | ConvertCatchIntoFilter"
"Message",Normal,"     8 |          1 | ValueType"
"Message",Normal,"     7 |          2 | Attribute"
"Message",Normal,"     5 |          1 | StartupCodeInjector"
"Message",Normal,"     2 |          0 | DumpNativeResources"
"Message",Normal,"     2 |          2 | ReflectionMappingInfoEmit"
"Message",Normal,"     2 |          1 | DeveloperExperienceModeOnlyCodeRemover"
"Message",Normal,"     1 |          0 | AddReflectionBlockedAttributes"
"Message",Normal,"     1 |          0 | ResourceManagerCtor"
"Message",Normal,"     0 |          0 | ConvertManagedWinMD"
"Message",Normal,"     0 |          0 | InjectAppContextSwitches"
"Message",Normal,"     0 |          0 | DisableOptimization"
"Message",Normal,"     0 |          0 | ComImportDetector"
"Message",Normal,"Writing transformed assembly took 1892 ms, heap at 374 mb."
"Message",Low,"Uitvoeren van taak ILTransformTask voltooid."
"Message",Low,"Opbouwen van doel RunILTransforms in project Unnamed_1 voltooid."
"Message",Low,"Doel CheckSharedAssemblyClosure overgeslagen vanwege onjuiste voorwaarde; ('$(BuildSharedAssemblies)' == 'true') heeft ('false' == 'true') opgeleverd."
"Message",Low,"Doel GenerateMDILResponseFileSingleFile in bestand C:\Program Files (x86)\MSBuild\Microsoft\.NetNative\ARM\ilc\IlcInternals.targets uit project C:\Users\user\Documents\GitHub\RoombaRaspberry\RaspberryPi\RaspberryPi\Unnamed_1 (doel GenerateMDILSingleFile is hiervan afhankelijk):"
"Message",Low,"Doel GenerateMDILResponseFileSingleFile wordt volledig opgebouwd."
"Message",Low,"Uitvoerbestand C:\Users\user\Documents\GitHub\RoombaRaspberry\RaspberryPi\RaspberryPi\obj\ARM\Release\ilc\intermediate\nutcargs.rsp bestaat niet."
"Message",Low,"Taak IlcMessageTask"
"Message",High,"Running native compilers"
"Message",Low,"Uitvoeren van taak IlcMessageTask voltooid."
"Message",Low,"Taak MakeDir"
"Message",Normal,"De map C:\Users\user\Documents\GitHub\RoombaRaspberry\RaspberryPi\RaspberryPi\obj\ARM\Release\ilc\intermediate\MDIL\ wordt gemaakt."
"Message",Low,"Uitvoeren van taak MakeDir voltooid."
"Message",Low,"Taak WriteLinesToFile"
"Message",Low,"Uitvoeren van taak WriteLinesToFile voltooid."
"Message",Low,"Opbouwen van doel GenerateMDILResponseFileSingleFile in project Unnamed_1 voltooid."
"Message",Low,"Doel GenerateMDILSingleFile in bestand C:\Program Files (x86)\MSBuild\Microsoft\.NetNative\ARM\ilc\IlcInternals.targets uit project C:\Users\user\Documents\GitHub\RoombaRaspberry\RaspberryPi\RaspberryPi\Unnamed_1 (doel GenerateMDIL is hiervan afhankelijk):"
"Message",Low,"Doel GenerateMDILSingleFile wordt volledig opgebouwd."
"Message",Low,"Uitvoerbestand C:\Users\user\Documents\GitHub\RoombaRaspberry\RaspberryPi\RaspberryPi\obj\ARM\Release\ilc\intermediate\MDIL\RaspberryPi.mdilexe bestaat niet."
"Message",Low,"De taak StartProcessTask uit assembly Microsoft.Build.ILTasks wordt gebruikt."
"Message",Low,"Taak StartProcessTask"
"Message",Normal,"Launching 'C:\Program Files (x86)\MSBuild\Microsoft\.NetNative\ARM\ilc\Tools\nutc_driver.exe @""C:\Users\user\Documents\GitHub\RoombaRaspberry\RaspberryPi\RaspberryPi\obj\ARM\Release\ilc\intermediate\nutcargs.rsp""'"
"Message",Low,"Microsoft (R) MDIL Compiler - Version 1.0.23117.00"
"Message",Low,"Copyright (c) Microsoft Corporation.  All rights reserved."
"Message",Low,"Scanning input types"
"Message",Low,"Eager code generation"
"Message",Low,"Scanning 5156 methods."
"Message",Low,"Scanning 3422 methods."
"Message",Low,"Scanning 2276 methods."
"Message",Low,"Scanning 1741 methods."
"Message",Low,"Scanning 6118 methods."
"Message",Low,"Scanning 4735 methods."
"Message",Low,"Scanning 3279 methods."
"Message",Low,"Scanning 2586 methods."
"Message",Low,"Scanning 1501 methods."
"Message",Low,"Scanning 1104 methods."
"Message",Low,"Scanning 702 methods."
"Message",Low,"Scanning 400 methods."
"Message",Low,"Scanning 224 methods."
"Message",Low,"Scanning 230 methods."
"Message",Low,"Scanning 138 methods."
"Message",Low,"Scanning 140 methods."
"Message",Low,"Scanning 66 methods."
"Message",Low,"Scanning 37 methods."
"Message",Low,"Scanning 26 methods."
"Message",Low,"Scanning 5 methods."
"Message",Low,"Scanning 15 methods."
"Message",Low,"Scanning 43 methods."
"Message",Low,"Scanning 30 methods."
"Message",Low,"Scanning 8 methods."
"Message",Low,"Scanning 2 methods."
"Message",Low,"Scanning 1 methods."
"Message",Low,"Scanning 2 methods."
"Message",Low,"Scanning 3 methods."
"Message",Low,"Scanning 6 methods."
"Message",Low,"Scanning 2 methods."
"Message",Low,"Compiling 34094 methods."
"Message",Low,"Deferred code generation"
"Message",Low,"Successfully generated 'C:\Users\user\Documents\GitHub\RoombaRaspberry\RaspberryPi\RaspberryPi\obj\ARM\Release\ilc\intermediate\MDIL\RaspberryPi.mdilexe'"
"Message",Low,"Successfully generated 'C:\Users\user\Documents\GitHub\RoombaRaspberry\RaspberryPi\RaspberryPi\obj\ARM\Release\ilc\intermediate\MDIL\RaspberryPi.mdilpdb'"
"Message",Normal,"'C:\Program Files (x86)\MSBuild\Microsoft\.NetNative\ARM\ilc\Tools\nutc_driver.exe @""C:\Users\user\Documents\GitHub\RoombaRaspberry\RaspberryPi\RaspberryPi\obj\ARM\Release\ilc\intermediate\nutcargs.rsp""' completed."
"Message",Normal,"Process execution statistics (all times in milliseconds)"
"Message",Normal,"-----------------------------------------------------------------------------"
"Message",Normal,"launch  |  start   |   stop   |   end    | duration | lifetime | [slot] name"
"Message",Normal,"-----------------------------------------------------------------------------"
"Message",Normal,"       0 |        0 |    20312 |    20312 |    20312 |    20312 | [0] nutc"
"Message",Normal,"Number of commands:      1"
"Message",Normal,"Total system time:       20312 ms"
"Message",Normal,"System time per command: 20312 ms"
"Message",Normal,"Total duration:          20312 ms"
"Message",Normal,"Total lifetime:          20312 ms"
"Message",Normal,"Requested DOP:           8"
"Message",Normal,"Duration DOP:            1,0"
"Message",Normal,"Lifetime DOP:            1,0"
"Message",Low,"Uitvoeren van taak StartProcessTask voltooid."
"Message",Low,"Opbouwen van doel GenerateMDILSingleFile in project Unnamed_1 voltooid."
"Message",Low,"Doel GenerateMDIL in bestand C:\Program Files (x86)\MSBuild\Microsoft\.NetNative\ARM\ilc\IlcInternals.targets uit project C:\Users\user\Documents\GitHub\RoombaRaspberry\RaspberryPi\RaspberryPi\Unnamed_1 (doel MDILBindPrepare is hiervan afhankelijk):"
"Message",Normal,"Doel GenerateMDIL wordt overgeslagen omdat alle uitvoerbestanden actueel zijn ten opzichte van de invoerbestanden."
"Message",Low,"Invoerbestanden: C:\Users\user\Documents\GitHub\RoombaRaspberry\RaspberryPi\RaspberryPi\obj\ARM\Release\ilc\intermediate\nutcargs.rsp"
"Message",Low,"Uitvoerbestanden: C:\Users\user\Documents\GitHub\RoombaRaspberry\RaspberryPi\RaspberryPi\obj\ARM\Release\ilc\intermediate\MDIL\RaspberryPi.mdilexe;C:\Users\user\Documents\GitHub\RoombaRaspberry\RaspberryPi\RaspberryPi\obj\ARM\Release\ilc\intermediate\MDIL\RaspberryPi.mdilpdb"
"Message",Low,"Opbouwen van doel GenerateMDIL in project Unnamed_1 voltooid."
"Message",Low,"Doel GenerateBuildInfo in bestand C:\Program Files (x86)\MSBuild\Microsoft\.NetNative\ARM\ilc\IlcInternals.targets uit project C:\Users\user\Documents\GitHub\RoombaRaspberry\RaspberryPi\RaspberryPi\Unnamed_1 (doel MDILBindPrepare is hiervan afhankelijk):"
"Message",Low,"Doel GenerateBuildInfo wordt volledig opgebouwd."
"Message",Low,"Uitvoerbestand C:\Users\user\Documents\GitHub\RoombaRaspberry\RaspberryPi\RaspberryPi\obj\ARM\Release\ilc\intermediate\Native.res bestaat niet."
"Message",Low,"Taak StartProcessTask"
"Message",Normal,"Launching 'C:\Program Files (x86)\Windows Kits\10\bin\x86\rc.exe /r /fo ""C:\Users\user\Documents\GitHub\RoombaRaspberry\RaspberryPi\RaspberryPi\obj\ARM\Release\ilc\intermediate\BuildInfo\BuildInfo.res"" ""C:\Users\user\Documents\GitHub\RoombaRaspberry\RaspberryPi\RaspberryPi\obj\ARM\Release\ilc\intermediate\BuildInfo\BuildInfo.rc""'"
"Message",Low,"Microsoft (R) Windows (R) Resource Compiler Version 10.0.10011.16384"
"Message",Low,"Copyright (C) Microsoft Corporation.  All rights reserved."
"Message",Normal,"'C:\Program Files (x86)\Windows Kits\10\bin\x86\rc.exe /r /fo ""C:\Users\user\Documents\GitHub\RoombaRaspberry\RaspberryPi\RaspberryPi\obj\ARM\Release\ilc\intermediate\BuildInfo\BuildInfo.res"" ""C:\Users\user\Documents\GitHub\RoombaRaspberry\RaspberryPi\RaspberryPi\obj\ARM\Release\ilc\intermediate\BuildInfo\BuildInfo.rc""' completed."
"Message",Normal,"Process execution statistics (all times in milliseconds)"
"Message",Normal,"-----------------------------------------------------------------------------"
"Message",Normal,"launch  |  start   |   stop   |   end    | duration | lifetime | [slot] name"
"Message",Normal,"-----------------------------------------------------------------------------"
"Message",Normal,"       0 |      188 |      469 |      469 |      281 |      469 | [0] RC"
"Message",Normal,"Number of commands:      1"
"Message",Normal,"Total system time:       469 ms"
"Message",Normal,"System time per command: 469 ms"
"Message",Normal,"Total duration:          281 ms"
"Message",Normal,"Total lifetime:          469 ms"
"Message",Normal,"Requested DOP:           8"
"Message",Normal,"Duration DOP:            0,6"
"Message",Normal,"Lifetime DOP:            1,0"
"Message",Low,"Uitvoeren van taak StartProcessTask voltooid."
"Message",Low,"De taak BinaryConcatenateTask uit assembly Microsoft.Build.ILTasks wordt gebruikt."
"Message",Low,"Taak BinaryConcatenateTask"
"Message",Normal,"Concatenating into 'C:\Users\user\Documents\GitHub\RoombaRaspberry\RaspberryPi\RaspberryPi\obj\ARM\Release\ilc\intermediate\Native.res' with alignment '4'."
"Message",Normal," Added 'C:\Users\user\Documents\GitHub\RoombaRaspberry\RaspberryPi\RaspberryPi\obj\ARM\Release\ilc\intermediate\ILTransformed\RaspberryPi.res' at offset 0."
"Message",Normal," Added 'C:\Users\user\Documents\GitHub\RoombaRaspberry\RaspberryPi\RaspberryPi\obj\ARM\Release\ilc\intermediate\BuildInfo\BuildInfo.res' at offset 1408."
"Message",Low,"Uitvoeren van taak BinaryConcatenateTask voltooid."
"Message",Low,"Opbouwen van doel GenerateBuildInfo in project Unnamed_1 voltooid."
"Message",Low,"Doel MDILBindPrepare in bestand C:\Program Files (x86)\MSBuild\Microsoft\.NetNative\ARM\ilc\IlcInternals.targets uit project C:\Users\user\Documents\GitHub\RoombaRaspberry\RaspberryPi\RaspberryPi\Unnamed_1 (doel MDILBindCreateResponseFiles is hiervan afhankelijk):"
"Message",Low,"Taak MakeDir"
"Message",Normal,"De map C:\Users\user\Documents\GitHub\RoombaRaspberry\RaspberryPi\RaspberryPi\obj\ARM\Release\ilc\intermediate\Native\ wordt gemaakt."
"Message",Low,"Uitvoeren van taak MakeDir voltooid."
"Message",Low,"Taak StartProcessTask overgeslagen vanwege onjuiste voorwaarde; ('$(Pgi)'=='true') heeft ('false'=='true') opgeleverd."
"Message",Low,"Opbouwen van doel MDILBindPrepare in project Unnamed_1 voltooid."
"Message",Low,"Doel MDILBindCreateResponseFiles in bestand C:\Program Files (x86)\MSBuild\Microsoft\.NetNative\ARM\ilc\IlcInternals.targets uit project C:\Users\user\Documents\GitHub\RoombaRaspberry\RaspberryPi\RaspberryPi\Unnamed_1 (doel MDILBind is hiervan afhankelijk):"
"Message",Low,"Doel MDILBindCreateResponseFiles wordt volledig opgebouwd."
"Message",Low,"Uitvoerbestand C:\Users\user\Documents\GitHub\RoombaRaspberry\RaspberryPi\RaspberryPi\obj\ARM\Release\ilc\intermediate\rhbindargs.RaspberryPi.rsp bestaat niet."
"Message",Low,"Taak WriteLinesToFile"
"Message",Low,"Uitvoeren van taak WriteLinesToFile voltooid."
"Message",Low,"Opbouwen van doel MDILBindCreateResponseFiles in project Unnamed_1 voltooid."
"Message",Low,"Doel MDILBind in bestand C:\Program Files (x86)\MSBuild\Microsoft\.NetNative\ARM\ilc\IlcInternals.targets uit project C:\Users\user\Documents\GitHub\RoombaRaspberry\RaspberryPi\RaspberryPi\Unnamed_1 (doel CopyNativeExecutablesToOutput is hiervan afhankelijk):"
"Message",Low,"Doel MDILBind wordt volledig opgebouwd."
"Message",Low,"Uitvoerbestand C:\Users\user\Documents\GitHub\RoombaRaspberry\RaspberryPi\RaspberryPi\obj\ARM\Release\ilc\intermediate\Native\RaspberryPi.exe bestaat niet."
"Message",Low,"Taak IlcMessageTask"
"Message",High,"Generating fixups for native code"
"Message",Low,"Uitvoeren van taak IlcMessageTask voltooid."
"Message",Low,"Taak StartProcessTask"
"Message",Normal,"Launching 'C:\Program Files (x86)\MSBuild\Microsoft\.NetNative\ARM\ilc\Tools\rhbind.exe @""C:\Users\user\Documents\GitHub\RoombaRaspberry\RaspberryPi\RaspberryPi\obj\ARM\Release\ilc\intermediate\rhbindargs.RaspberryPi.rsp""'"
"Message",Low,"OS VERSION: major: 6  minor: 2"
"Message",Low,"MDIL: C:\Users\user\Documents\GitHub\RoombaRaspberry\RaspberryPi\RaspberryPi\obj\ARM\Release\ilc\intermediate\MDIL\RaspberryPi.mdilexe"
"Message",Low,"MDILPDB: C:\Users\user\Documents\GitHub\RoombaRaspberry\RaspberryPi\RaspberryPi\obj\ARM\Release\ilc\intermediate\MDIL\RaspberryPi.mdilpdb"
"Message",Low,"IL: C:\Users\user\Documents\GitHub\RoombaRaspberry\RaspberryPi\RaspberryPi\obj\ARM\Release\ilc\intermediate\MDIL\RaspberryPi.ilexe"
"Message",Low,"NI: C:\Users\user\Documents\GitHub\RoombaRaspberry\RaspberryPi\RaspberryPi\obj\ARM\Release\ilc\intermediate\Native\RaspberryPi.dll"
"Message",Low,"SHIM: C:\Users\user\Documents\GitHub\RoombaRaspberry\RaspberryPi\RaspberryPi\obj\ARM\Release\ilc\intermediate\Native\RaspberryPi.exe"
"Message",Low,"REDHAWK_RUNTIME_DLL_NAME_A=mrt100_app.dll"
"Message",Low,"pdb: C:\Users\user\Documents\GitHub\RoombaRaspberry\RaspberryPi\RaspberryPi\obj\ARM\Release\ilc\intermediate\Native\RaspberryPi.pdb"
"Message",Low,"Produced C:\Users\user\Documents\GitHub\RoombaRaspberry\RaspberryPi\RaspberryPi\obj\ARM\Release\ilc\intermediate\Native\RaspberryPi.dll in 1.533 seconds"
"Message",Normal,"'C:\Program Files (x86)\MSBuild\Microsoft\.NetNative\ARM\ilc\Tools\rhbind.exe @""C:\Users\user\Documents\GitHub\RoombaRaspberry\RaspberryPi\RaspberryPi\obj\ARM\Release\ilc\intermediate\rhbindargs.RaspberryPi.rsp""' completed."
"Message",Normal,"Process execution statistics (all times in milliseconds)"
"Message",Normal,"-----------------------------------------------------------------------------"
"Message",Normal,"launch  |  start   |   stop   |   end    | duration | lifetime | [slot] name"
"Message",Normal,"-----------------------------------------------------------------------------"
"Message",Normal,"       0 |        0 |     1891 |     1891 |     1891 |     1891 | [0] rhbind RaspberryPi"
"Message",Normal,"Number of commands:      1"
"Message",Normal,"Total system time:       1891 ms"
"Message",Normal,"System time per command: 1891 ms"
"Message",Normal,"Total duration:          1891 ms"
"Message",Normal,"Total lifetime:          1891 ms"
"Message",Normal,"Requested DOP:           8"
"Message",Normal,"Duration DOP:            1,0"
"Message",Normal,"Lifetime DOP:            1,0"
"Message",Low,"Uitvoeren van taak StartProcessTask voltooid."
"Message",Low,"Taak Move overgeslagen vanwege onjuiste voorwaarde; ('$(PdbPath)'!='') heeft (''!='') opgeleverd."
"Message",Low,"Opbouwen van doel MDILBind in project Unnamed_1 voltooid."
"Message",Low,"Doel CopyNativeExecutablesToOutput in bestand C:\Program Files (x86)\MSBuild\Microsoft\.NetNative\ARM\ilc\IlcInternals.targets uit project C:\Users\user\Documents\GitHub\RoombaRaspberry\RaspberryPi\RaspberryPi\Unnamed_1 (doel Build is hiervan afhankelijk):"
"Message",Low,"De taak AddToNativePackageTask uit assembly C:\Program Files (x86)\MSBuild\Microsoft\.NetNative\ARM\ilc\ilc.exe wordt gebruikt."
"Message",Low,"Taak AddToNativePackageTask"
"Message",Low,"Uitvoeren van taak AddToNativePackageTask voltooid."
"Message",Low,"Taak AddToNativePackageTask"
"Message",Low,"Uitvoeren van taak AddToNativePackageTask voltooid."
"Message",Low,"Taak AddToNativePackageTask overgeslagen vanwege onjuiste voorwaarde; ('$(BuildSharedAssemblies)' != 'true' and '$(AllowAppLocalMrt)' == 'true') heeft ('false' != 'true' and 'false' == 'true') opgeleverd."
"Message",Low,"Taak AddToNativePackageTask overgeslagen vanwege onjuiste voorwaarde; ('$(BuildSharedAssemblies)' == 'true') heeft ('false' == 'true') opgeleverd."
"Message",Low,"Taak AddToNativePackageTask overgeslagen vanwege onjuiste voorwaarde; ('$(BuildSharedAssemblies)' == 'true') heeft ('false' == 'true') opgeleverd."
"Message",Low,"Taak AddToNativePackageTask overgeslagen vanwege onjuiste voorwaarde; ('$(BuildSharedAssemblies)' == 'true') heeft ('false' == 'true') opgeleverd."
"Message",Low,"Taak AddToNativePackageTask overgeslagen vanwege onjuiste voorwaarde; ('$(BuildSharedAssemblies)' == 'true') heeft ('false' == 'true') opgeleverd."
"Message",Low,"Taak AddToNativePackageTask overgeslagen vanwege onjuiste voorwaarde; ('$(BuildSharedAssemblies)' == 'true') heeft ('false' == 'true') opgeleverd."
"Message",Low,"Taak AddToNativePackageTask overgeslagen vanwege onjuiste voorwaarde; ('$(BuildSharedAssemblies)' == 'true') heeft ('false' == 'true') opgeleverd."
"Message",Low,"Taak AddToNativePackageTask overgeslagen vanwege onjuiste voorwaarde; ('$(Pgi)'=='true') heeft ('false'=='true') opgeleverd."
"Message",Low,"Taak AddToNativePackageTask overgeslagen vanwege onjuiste voorwaarde; ('$(BuildSharedAssemblies)' == 'true') heeft ('false' == 'true') opgeleverd."
"Message",Low,"Taak AddToNativePackageTask overgeslagen vanwege onjuiste voorwaarde; ('$(UseSharedAssemblies)' == 'true' and '$(MergeSharedAssemblies)' != 'true') heeft ('false' == 'true' and 'true' != 'true') opgeleverd."
"Message",Low,"Taak AddToNativePackageTask overgeslagen vanwege onjuiste voorwaarde; ('$(UseSharedAssemblies)' == 'true' and '$(MergeSharedAssemblies)' == 'true' and '$(UseFrameworkPackage)' != 'true') heeft ('false' == 'true' and 'true' == 'true' and 'false' != 'true') opgeleverd."
"Message",Low,"Opbouwen van doel CopyNativeExecutablesToOutput in project Unnamed_1 voltooid."
"Message",Low,"Doel CopyExtractedResourcesToOutput overgeslagen vanwege onjuiste voorwaarde; (Exists('$(IntermediateResourcesPath)')) heeft (Exists('C:\Users\user\Documents\GitHub\RoombaRaspberry\RaspberryPi\RaspberryPi\obj\ARM\Release\ilc\intermediate\Resources\')) opgeleverd."
"Message",Low,"Doel TransformAppxManifestAndAddCrt in bestand C:\Program Files (x86)\MSBuild\Microsoft\.NetNative\ARM\ilc\IlcInternals.targets uit project C:\Users\user\Documents\GitHub\RoombaRaspberry\RaspberryPi\RaspberryPi\Unnamed_1 (doel Build is hiervan afhankelijk):"
"Message",Low,"De taak TransformAppxManifestTask uit assembly C:\Program Files (x86)\MSBuild\Microsoft\.NetNative\ARM\ilc\ilc.exe wordt gebruikt."
"Message",Low,"Taak TransformAppxManifestTask"
"Message",Low,"Uitvoeren van taak TransformAppxManifestTask voltooid."
"Message",Low,"Taak AddToNativePackageTask"
"Message",Low,"Uitvoeren van taak AddToNativePackageTask voltooid."
"Message",Low,"Taak AddToNativePackageTask overgeslagen vanwege onjuiste voorwaarde; ($(AddCrt)) heeft (false) opgeleverd."
"Message",Low,"Taak AddToNativePackageTask overgeslagen vanwege onjuiste voorwaarde; ($(AddWin8Adapters)) heeft (false) opgeleverd."
"Message",Low,"Taak AddToNativePackageTask overgeslagen vanwege onjuiste voorwaarde; ($(AddWin8Adapters)) heeft (false) opgeleverd."
"Message",Low,"Taak AddToNativePackageTask overgeslagen vanwege onjuiste voorwaarde; ($(AddWin8Adapters)) heeft (false) opgeleverd."
"Message",Low,"Taak AddToNativePackageTask overgeslagen vanwege onjuiste voorwaarde; ($(AddWin8Adapters)) heeft (false) opgeleverd."
"Message",Low,"Taak AddToNativePackageTask overgeslagen vanwege onjuiste voorwaarde; ($(AddWin8Adapters)) heeft (false) opgeleverd."
"Message",Low,"Taak AddToNativePackageTask overgeslagen vanwege onjuiste voorwaarde; ($(AddWin8Adapters)) heeft (false) opgeleverd."
"Message",Low,"Taak AddToNativePackageTask overgeslagen vanwege onjuiste voorwaarde; ($(AddWin8Adapters)) heeft (false) opgeleverd."
"Message",Low,"Opbouwen van doel TransformAppxManifestAndAddCrt in project Unnamed_1 voltooid."
"Message",Low,"Doel MergeFrameworkReswFilesWithTheAppPriFile overgeslagen vanwege onjuiste voorwaarde; ('@(AppResources)' != '' And '$(UseResKeysInsteadOfResStrings)' != 'true') heeft ('C:\Users\user\Documents\GitHub\RoombaRaspberry\RaspberryPi\RaspberryPi\obj\ARM\Release\ilc\in\resources.pri' != '' And 'true' != 'true') opgeleverd."
"Message",Low,"Doel CopyPackageResourceFileInRetailBuild in bestand C:\Program Files (x86)\MSBuild\Microsoft\.NetNative\ARM\ilc\IlcInternals.targets uit project C:\Users\user\Documents\GitHub\RoombaRaspberry\RaspberryPi\RaspberryPi\Unnamed_1 (doel Build is hiervan afhankelijk):"
"Message",Low,"Taak AddToNativePackageTask"
"Message",Low,"Uitvoeren van taak AddToNativePackageTask voltooid."
"Message",Low,"Opbouwen van doel CopyPackageResourceFileInRetailBuild in project Unnamed_1 voltooid."
"Message",Low,"Doel Build in bestand C:\Program Files (x86)\MSBuild\Microsoft\.NetNative\ARM\ilc\IlcInternals.targets van project C:\Users\user\Documents\GitHub\RoombaRaspberry\RaspberryPi\RaspberryPi\Unnamed_1 (ingangspunt):"
"Message",Low,"Opbouwen van doel Build in project Unnamed_1 voltooid."
"Message",Low,"Opbouwen van project Unnamed_1 voltooid."
"Message",Low,"Opbouwen voltooid."
